"ITALY","IT","Agrigento","AG"
"ITALY","IT","Alessandria","AL"
"ITALY","IT","Ancona","AN"
"ITALY","IT","Aosta","AO"
"ITALY","IT","Arezzo","AR"
"ITALY","IT","Ascoli Piceno","AP"
"ITALY","IT","Asti","AT"
"ITALY","IT","Avellino","AV"
"ITALY","IT","Bari","BA"
"ITALY","IT","Barletta-Andria-Trani","BT"
"ITALY","IT","Belluno","BL"
"ITALY","IT","Benevento","BN"
"ITALY","IT","Bergamo","BG"
"ITALY","IT","Biella","BI"
"ITALY","IT","Bologna","BO"
"ITALY","IT","Bolzano","BZ"
"ITALY","IT","Brescia","BS"
"ITALY","IT","Brindisi","BR"
"ITALY","IT","Cagliari","CA"
"ITALY","IT","Caltanissetta","CL"
"ITALY","IT","Campobasso","CB"
"ITALY","IT","Carbonia-Iglesias","CI"
"ITALY","IT","Caserta","CE"
"ITALY","IT","Catania","CT"
"ITALY","IT","Catanzaro","CZ"
"ITALY","IT","Chieti","CH"
"ITALY","IT","Como","CO"
"ITALY","IT","Cosenza","CS"
"ITALY","IT","Cremona","CR"
"ITALY","IT","Crotone","KR"
"ITALY","IT","Cuneo","CN"
"ITALY","IT","Enna","EN"
"ITALY","IT","Fermo","FM"
"ITALY","IT","Ferrara","FE"
"ITALY","IT","Firenze","FI"
"ITALY","IT","Foggia","FG"
"ITALY","IT","Forlì-Cesena","FC"
"ITALY","IT","Frosinone","FR"
"ITALY","IT","Genova","GE"
"ITALY","IT","Gorizia","GO"
"ITALY","IT","Grosseto","GR"
"ITALY","IT","Imperia","IM"
"ITALY","IT","Isernia","IS"
"ITALY","IT","L'Aquila","AQ"
"ITALY","IT","La Spezia","SP"
"ITALY","IT","Latina","LT"
"ITALY","IT","Lecce","LE"
"ITALY","IT","Lecco","LC"
"ITALY","IT","Livorno","LI"
"ITALY","IT","Lodi","LO"
"ITALY","IT","Lucca","LU"
"ITALY","IT","Macerata","MC"
"ITALY","IT","Mantova","MN"
"ITALY","IT","Massa","MS"
"ITALY","IT","Matera","MT"
"ITALY","IT","Medio Campidano","VS"
"ITALY","IT","Messina","ME"
"ITALY","IT","Milano","MI"
"ITALY","IT","Modena","MO"
"ITALY","IT","Monza e della Brianza","MB"
"ITALY","IT","Napoli","NA"
"ITALY","IT","Novara","NO"
"ITALY","IT","Nuoro","NU"
"ITALY","IT","Ogliastra","OG"
"ITALY","IT","Olbia-Tempio","OT"
"ITALY","IT","Oristano","OR"
"ITALY","IT","Padova","PD"
"ITALY","IT","Palermo","PA"
"ITALY","IT","Parma","PR"
"ITALY","IT","Pavia","PV"
"ITALY","IT","Perugia","PG"
"ITALY","IT","Pesaro-Urbino","PU"
"ITALY","IT","Pescara","PE"
"ITALY","IT","Piacenza","PC"
"ITALY","IT","Pisa","PI"
"ITALY","IT","Pistoia","PT"
"ITALY","IT","Pordenone","PN"
"ITALY","IT","Potenza","PZ"
"ITALY","IT","Prato","PO"
"ITALY","IT","Ragusa","RG"
"ITALY","IT","Ravenna","RA"
"ITALY","IT","Reggio Calabria","RC"
"ITALY","IT","Reggio Emilia","RE"
"ITALY","IT","Rieti","RI"
"ITALY","IT","Rimini","RN"
"ITALY","IT","Roma","RM"
"ITALY","IT","Rovigo","RO"
"ITALY","IT","Salerno","SA"
"ITALY","IT","Sassari","SS"
"ITALY","IT","Savona","SV"
"ITALY","IT","Siena","SI"
"ITALY","IT","Siracusa","SR"
"ITALY","IT","Sondrio","SO"
"ITALY","IT","Taranto","TA"
"ITALY","IT","Teramo","TE"
"ITALY","IT","Terni","TR"
"ITALY","IT","Torino","TO"
"ITALY","IT","Trapani","TP"
"ITALY","IT","Trento","TN"
"ITALY","IT","Treviso","TV"
"ITALY","IT","Trieste","TS"
"ITALY","IT","Udine","UD"
"ITALY","IT","Varcelli","VC"
"ITALY","IT","Varese","VA"
"ITALY","IT","Venezia","VE"
"ITALY","IT","Verbano-Cusio-Ossola","VB"
"ITALY","IT","Verona","VR"
"ITALY","IT","Vibo Valentia","VV"
"ITALY","IT","Vicenza","VI"
"ITALY","IT","Viterbo","VT"
"ROMANIA","RO","Alba","AB"
"ROMANIA","RO","Arad","AR"
"ROMANIA","RO","Argeş","AG"
"ROMANIA","RO","Bacău","BC"
"ROMANIA","RO","Bihor","BH"
"ROMANIA","RO","Bistriţa-Năsăud","BN"
"ROMANIA","RO","Botoşani","BT"
"ROMANIA","RO","Brăila","BR"
"ROMANIA","RO","Braşov","BV"
"ROMANIA","RO","BUCUREŞTI","B"
"ROMANIA","RO","Buzău","BZ"
"ROMANIA","RO","Călăraşi","CL"
"ROMANIA","RO","Caraş-Severin","CS"
"ROMANIA","RO","Cluj","CJ"
"ROMANIA","RO","Constanţa","CT"
"ROMANIA","RO","Covasna","CV"
"ROMANIA","RO","Dâmboviţa","DB"
"ROMANIA","RO","Dolj","DJ"
"ROMANIA","RO","Galaţi","GL"
"ROMANIA","RO","Giurgiu","GR"
"ROMANIA","RO","Gorj","GJ"
"ROMANIA","RO","Harghita","HR"
"ROMANIA","RO","Hunedoara","HD"
"ROMANIA","RO","Ialomiţa","IL"
"ROMANIA","RO","Iaşi","IS"
"ROMANIA","RO","Ilfov","IF"
"ROMANIA","RO","Maramureş","MM"
"ROMANIA","RO","Mehedinţi","MH"
"ROMANIA","RO","Mureş","MS"
"ROMANIA","RO","Neamţ","NT"
"ROMANIA","RO","Olt","OT"
"ROMANIA","RO","Prahova","PH"
"ROMANIA","RO","Sălaj","SJ"
"ROMANIA","RO","Satu Mare","SM"
"ROMANIA","RO","Sibiu","SB"
"ROMANIA","RO","Suceava","SV"
"ROMANIA","RO","Teleorman","TR"
"ROMANIA","RO","Timiş","TM"
"ROMANIA","RO","Tulcea","TL"
"ROMANIA","RO","Vâlcea","VL"
"ROMANIA","RO","Vaslui","VS"
"ROMANIA","RO","Vrancea","VN"
"UNITED STATES","US","Alabama","AL"
"UNITED STATES","US","Alaska","AK"
"UNITED STATES","US","Arizona","AZ"
"UNITED STATES","US","Arkansas","AR"
"UNITED STATES","US","California","CA"
"UNITED STATES","US","Colorado","CO"
"UNITED STATES","US","Connecticut","CT"
"UNITED STATES","US","Delaware","DE"
"UNITED STATES","US","District of Columbia","DC"
"UNITED STATES","US","Florida","FL"
"UNITED STATES","US","Georgia","GA"
"UNITED STATES","US","Hawaii","HI"
"UNITED STATES","US","Idaho","ID"
"UNITED STATES","US","Illinois","IL"
"UNITED STATES","US","Indiana","IN"
"UNITED STATES","US","Iowa","IA"
"UNITED STATES","US","Kansas","KS"
"UNITED STATES","US","Kentucky","KY"
"UNITED STATES","US","Louisiana","LA"
"UNITED STATES","US","Maine","ME"
"UNITED STATES","US","Maryland","MD"
"UNITED STATES","US","Massachusetts","MA"
"UNITED STATES","US","Michigan","MI"
"UNITED STATES","US","Minnesota","MN"
"UNITED STATES","US","Mississippi","MS"
"UNITED STATES","US","Missouri","MO"
"UNITED STATES","US","Montana","MT"
"UNITED STATES","US","Nebraska","NE"
"UNITED STATES","US","Nevada","NV"
"UNITED STATES","US","New Hampshire","NH"
"UNITED STATES","US","New Jersey","NJ"
"UNITED STATES","US","New Mexico","NM"
"UNITED STATES","US","New York","NY"
"UNITED STATES","US","North Carolina","NC"
"UNITED STATES","US","North Dakota","ND"
"UNITED STATES","US","Ohio","OH"
"UNITED STATES","US","Oklahoma","OK"
"UNITED STATES","US","Oregon","OR"
"UNITED STATES","US","Pennsylvania","PA"
"UNITED STATES","US","Rhode Island","RI"
"UNITED STATES","US","South Carolina","SC"
"UNITED STATES","US","South Dakota","SD"
"UNITED STATES","US","Tennessee","TN"
"UNITED STATES","US","Texas","TX"
"UNITED STATES","US","US Virgin Islands","VI"
"UNITED STATES","US","Utah","UT"
"UNITED STATES","US","Vermont","VT"
"UNITED STATES","US","Virginia","VA"
"UNITED STATES","US","Washington","WA"
"UNITED STATES","US","West Virginia","WV"
"UNITED STATES","US","Wisconsin","WI"
"UNITED STATES","US","Wyoming","WY"
